Date,Name,Year,Letterboxd URI
2026-01-07,Bugonia,2025,https://boxd.it/qeWY
2026-01-07,Chungking Express,1994,https://boxd.it/1UDa
2026-01-07,Fear and Loathing in Las Vegas,1998,https://boxd.it/27Xs
2026-01-07,Crazy Rich Asians,2018,https://boxd.it/gfnK
2026-01-07,The Batman,2022,https://boxd.it/eDGs
2026-01-07,Trainspotting,1996,https://boxd.it/29XY
2026-01-07,The Lord of the Rings: The Return of the King,2003,https://boxd.it/2b5u
2026-01-07,A Real Pain,2024,https://boxd.it/CjNG
2026-01-07,Top Gun: Maverick,2022,https://boxd.it/cjr4
2026-01-07,Oppenheimer,2023,https://boxd.it/wUow
2026-01-07,Dune: Part Two,2024,https://boxd.it/pUfA
2026-01-07,The Substance,2024,https://boxd.it/zanS
2026-01-07,Spider-Man: Across the Spider-Verse,2023,https://boxd.it/kSz4
2026-01-07,It,2017,https://boxd.it/bC8e
2026-01-07,Project X,2012,https://boxd.it/neO
2026-01-07,Oldboy,2003,https://boxd.it/29R2
2026-01-07,Materialists,2025,https://boxd.it/GZlW
2026-01-07,A Complete Unknown,2024,https://boxd.it/oBYa
2026-01-07,Back to the Future,1985,https://boxd.it/2b8e
2026-01-07,The Shawshank Redemption,1994,https://boxd.it/2aHi
2026-01-07,It's a Wonderful Life,1946,https://boxd.it/28xA
2026-01-07,Kill Bill: Vol. 1,2003,https://boxd.it/70w
2026-01-07,Kill Bill: Vol. 2,2004,https://boxd.it/2au4
2026-01-07,The Phoenician Scheme,2025,https://boxd.it/H0Ca
2026-01-07,Shutter Island,2010,https://boxd.it/1U82
2026-01-07,A Beautiful Mind,2001,https://boxd.it/2amk
2026-01-07,Tenet,2020,https://boxd.it/leq4
2026-01-07,The Truman Show,1998,https://boxd.it/18U8
2026-01-07,Dune,2021,https://boxd.it/fA7G
2026-01-07,Your Name.,2016,https://boxd.it/cUqs
2026-01-07,Interstellar,2014,https://boxd.it/4VZ8
2026-01-07,The Imitation Game,2014,https://boxd.it/6aig
2026-01-07,Birdman or (The Unexpected Virtue of Ignorance),2014,https://boxd.it/5RFA
2026-01-07,Whiplash,2014,https://boxd.it/7bQA
2026-01-07,Scott Pilgrim vs. the World,2010,https://boxd.it/1Aq6
2026-01-07,Eternal Sunshine of the Spotless Mind,2004,https://boxd.it/6YK
2026-01-07,The Lord of the Rings: The Fellowship of the Ring,2001,https://boxd.it/2b5O
2026-01-07,The Lord of the Rings: The Two Towers,2002,https://boxd.it/2b5E
2026-01-07,Fight Club,1999,https://boxd.it/2a9q
2026-01-07,Notting Hill,1999,https://boxd.it/2aeK
2026-01-07,Se7en,1995,https://boxd.it/29zs
2026-01-07,Pulp Fiction,1994,https://boxd.it/29Pq
2026-01-07,Raiders of the Lost Ark,1981,https://boxd.it/2bbs
2026-01-07,Indiana Jones and the Temple of Doom,1984,https://boxd.it/2bb8
2026-01-07,Indiana Jones and the Last Crusade,1989,https://boxd.it/2baO
2026-01-07,Indiana Jones and the Kingdom of the Crystal Skull,2008,https://boxd.it/2aR8
2026-01-07,The Fantastic 4: First Steps,2025,https://boxd.it/mP6C
2026-01-07,Get Out,2017,https://boxd.it/eOCm
2026-01-07,Back to the Future Part II,1989,https://boxd.it/2aYI
2026-01-07,Back to the Future Part III,1990,https://boxd.it/2aTS
2026-01-07,Mean Girls,2004,https://boxd.it/1VNg
2026-01-07,Superbad,2007,https://boxd.it/20hO
2026-01-07,21 Jump Street,2012,https://boxd.it/J0
2026-01-07,22 Jump Street,2014,https://boxd.it/5Fvy
2026-01-07,Spider-Man: No Way Home,2021,https://boxd.it/nwRw
2026-01-07,Rocky,1976,https://boxd.it/28Uk
2026-01-07,Rocky II,1979,https://boxd.it/28Ua
2026-01-07,Rocky IV,1985,https://boxd.it/28T2
2026-01-07,Rocky III,1982,https://boxd.it/28Tw
2026-01-07,EuroTrip,2004,https://boxd.it/1YTQ
2026-01-07,Joker,2019,https://boxd.it/h4cS
2026-01-07,Joker: Folie à Deux,2024,https://boxd.it/xBoE
2026-01-07,Batman v Superman: Dawn of Justice,2016,https://boxd.it/6fBW
2026-01-07,Zack Snyder's Justice League,2021,https://boxd.it/tLOk
2026-01-07,Deadpool,2016,https://boxd.it/9fOC
2026-01-07,Deadpool 2,2018,https://boxd.it/dlLM
2026-01-07,Deadpool & Wolverine,2024,https://boxd.it/jq8s
2026-01-07,Gladiator,2000,https://boxd.it/2b9m
2026-01-07,The Hangover,2009,https://boxd.it/1GjK
2026-01-07,Taxi Driver,1976,https://boxd.it/2b8y
2026-01-07,No Country for Old Men,2007,https://boxd.it/21ew
2026-01-07,The Social Network,2010,https://boxd.it/17ue
2026-01-07,Arrival,2016,https://boxd.it/aNGk
2026-01-07,Soul,2020,https://boxd.it/ioLA
2026-01-07,The Hunger Games,2012,https://boxd.it/2uds
2026-01-07,Demon Slayer: Kimetsu no Yaiba Infinity Castle,2025,https://boxd.it/O1GQ
2026-01-07,My Neighbor Totoro,1988,https://boxd.it/20eA
2026-01-07,Good Will Hunting,1997,https://boxd.it/2ahY
2026-01-07,Forrest Gump,1994,https://boxd.it/728
2026-01-07,The Silence of the Lambs,1991,https://boxd.it/2aHW
2026-01-07,Home Alone,1990,https://boxd.it/29Fg
2026-01-07,American Psycho,2000,https://boxd.it/28Vs
2026-01-07,Chainsaw Man – The Movie: Reze Arc,2025,https://boxd.it/Kgyu
2026-01-07,Inception,2010,https://boxd.it/1skk
2026-01-07,Howl's Moving Castle,2004,https://boxd.it/23De
2026-01-07,Avengers: Infinity War,2018,https://boxd.it/9vEe
2026-01-07,Memento,2000,https://boxd.it/2bcK
2026-01-07,Jurassic Park,1993,https://boxd.it/2aA2
2026-01-07,The Matrix,1999,https://boxd.it/2a1m
2026-01-07,Iron Man,2008,https://boxd.it/28dA
2026-01-07,Baby Driver,2017,https://boxd.it/bhF2
2026-01-07,Anyone But You,2023,https://boxd.it/EzA8
2026-01-07,Requiem for a Dream,2000,https://boxd.it/29VI
2026-01-07,The Avengers,2012,https://boxd.it/1xFW
2026-01-07,The Departed,2006,https://boxd.it/28MA
2026-01-07,John Wick,2014,https://boxd.it/7dEc
2026-01-07,The Lego Batman Movie,2017,https://boxd.it/azp0
2026-01-07,Her,2013,https://boxd.it/4O24
2026-01-07,Avengers: Age of Ultron,2015,https://boxd.it/3qi6
2026-01-07,Captain America: The First Avenger,2011,https://boxd.it/28b0
2026-01-07,The Boy and the Heron,2023,https://boxd.it/ipeM
2026-01-07,The Fall Guy,2024,https://boxd.it/s0Bm
2026-01-07,Spider-Man: Far From Home,2019,https://boxd.it/fegG
2026-01-07,The Hobbit: An Unexpected Journey,2012,https://boxd.it/GZk
2026-01-07,The Big Lebowski,1998,https://boxd.it/2b6C
2026-01-07,Iron Man 2,2010,https://boxd.it/1WZM
2026-01-07,The Pursuit of Happyness,2006,https://boxd.it/28PE
2026-01-07,Jurassic World,2015,https://boxd.it/4n0g
2026-01-07,Saving Private Ryan,1998,https://boxd.it/29ro
2026-01-07,The Martian,2015,https://boxd.it/8SeG
2026-01-07,Kung Fu Panda,2008,https://boxd.it/1Yws
2026-01-07,The Lego Movie,2014,https://boxd.it/4pDO
2026-01-07,The Hobbit: The Desolation of Smaug,2013,https://boxd.it/nmS
2026-01-07,Thor: Ragnarok,2017,https://boxd.it/8MHi
2026-01-07,The Fast and the Furious: Tokyo Drift,2006,https://boxd.it/1Yeo
2026-01-07,Thor,2011,https://boxd.it/1WQU
2026-01-07,Bohemian Rhapsody,2018,https://boxd.it/f1TK
2026-01-07,1917,2019,https://boxd.it/jj4y
2026-01-07,The Hobbit: The Battle of the Five Armies,2014,https://boxd.it/43aU
2026-01-07,Jumanji: Welcome to the Jungle,2017,https://boxd.it/bUeE
2026-01-07,Despicable Me,2010,https://boxd.it/1DD8
2026-01-07,Moneyball,2011,https://boxd.it/glS
2026-01-07,Doctor Strange,2016,https://boxd.it/8MH8
2026-01-07,"The Good, the Bad and the Ugly",1966,https://boxd.it/2ape
2026-01-07,Smile,2022,https://boxd.it/xjfE
2026-01-07,Zombieland,2009,https://boxd.it/1En6
2026-01-07,Killers of the Flower Moon,2023,https://boxd.it/gHp0
2026-01-07,Captain Marvel,2019,https://boxd.it/9vSA
2026-01-07,Saw,2004,https://boxd.it/2aWW
2026-01-07,Thor: The Dark World,2013,https://boxd.it/2DqA
2026-01-07,Ant-Man,2015,https://boxd.it/3vmW
2026-01-07,How to Train Your Dragon: The Hidden World,2019,https://boxd.it/5a9w
2026-01-07,Jujutsu Kaisen 0,2021,https://boxd.it/uvFS
2026-01-07,Ted,2012,https://boxd.it/2pgc
2026-01-07,Elvis,2022,https://boxd.it/mK4w
2026-01-07,Yesterday,2019,https://boxd.it/iF7M
2026-01-07,Citizen Kane,1941,https://boxd.it/71O
2026-01-07,John Wick: Chapter 4,2023,https://boxd.it/mh48
2026-01-07,Jurassic World: Fallen Kingdom,2018,https://boxd.it/bOnU
2026-01-07,Chernobyl,2019,https://boxd.it/mkbG
2026-01-07,Kung Fu Panda 2,2011,https://boxd.it/G36
2026-01-07,Venom,2018,https://boxd.it/b8wA
2026-01-07,Vanilla Sky,2001,https://boxd.it/27TK
2026-01-07,The Suicide Squad,2021,https://boxd.it/fw6O
2026-01-07,Minions,2015,https://boxd.it/6jCO
2026-01-07,Constantine,2005,https://boxd.it/2a7E
2026-01-07,Airplane!,1980,https://boxd.it/29yu
2026-01-07,Eternals,2021,https://boxd.it/j36o
2026-01-07,World War Z,2013,https://boxd.it/2p2E
2026-01-07,The Fault in Our Stars,2014,https://boxd.it/6BQa
2026-01-07,Into the Wild,2007,https://boxd.it/22m2
2026-01-07,Creed,2015,https://boxd.it/a2qk
2026-01-07,I Am Legend,2007,https://boxd.it/21DG
2026-01-07,Edge of Tomorrow,2014,https://boxd.it/4pD0
2026-01-07,Dumb and Dumber,1994,https://boxd.it/206m
2026-01-07,Man of Steel,2013,https://boxd.it/FRk
2026-01-07,Vinland Saga,2019,https://boxd.it/qdwU
2026-01-07,The Dark Knight,2008,https://boxd.it/2b0k
2026-01-08,Parasite,2019,https://boxd.it/hTha
2026-01-08,The Wolf of Wall Street,2013,https://boxd.it/3C1m
2026-01-08,3 Idiots,2009,https://boxd.it/1Dsa
2026-01-08,Spider-Man: Into the Spider-Verse,2018,https://boxd.it/azpY
2026-01-08,PK,2014,https://boxd.it/9q1G
2026-01-08,Zodiac,2007,https://boxd.it/27MO
2026-01-08,Scarface,1983,https://boxd.it/2b7g
2026-01-08,Dunkirk,2017,https://boxd.it/d0Y6
2026-01-08,A Quiet Place,2018,https://boxd.it/fVJQ
2026-01-08,Pokémon Detective Pikachu,2019,https://boxd.it/fVA0
2026-01-08,Aquaman,2018,https://boxd.it/9ru0
2026-01-08,300,2006,https://boxd.it/28XI
2026-01-08,Ted 2,2015,https://boxd.it/6oCY
2026-01-08,Mera Naam Joker,1970,https://boxd.it/1BQY
2026-01-08,Shree 420,1955,https://boxd.it/HgU
2026-01-08,Masaan,2015,https://boxd.it/b6x2
2026-01-08,Veer-Zaara,2004,https://boxd.it/24C2
2026-01-08,Anand,1971,https://boxd.it/1uhM
2026-01-09,Avatar,2009,https://boxd.it/1Efm
2026-01-09,Knives Out,2019,https://boxd.it/jWEA
2026-01-09,Thunderbolts*,2025,https://boxd.it/BfbQ
2026-01-09,Avengers: Endgame,2019,https://boxd.it/9vE4
2026-01-10,Beautiful Boy,2018,https://boxd.it/g76Q
2026-01-10,Collateral,2004,https://boxd.it/28F0
2026-01-12,Rockstar,2011,https://boxd.it/2Lvo
2026-01-28,Marty Supreme,2025,https://boxd.it/Off0
2026-02-14,The Big Short,2015,https://boxd.it/ajZw
2026-02-15,Samapti (The Conclusion),1961,https://boxd.it/vdDQ
2026-02-17,BlackBerry,2023,https://boxd.it/CoVK
2026-02-18,Springsteen: Deliver Me from Nowhere,2025,https://boxd.it/KJG8
2026-02-25,One Battle After Another,2025,https://boxd.it/DUHM
2026-03-10,The Perks of Being a Wallflower,2012,https://boxd.it/2ZA8
2026-03-20,After Hours,1985,https://boxd.it/1VfS
2026-03-20,Godzilla Minus One,2023,https://boxd.it/zu4c
2026-03-22,Yeh Jawaani Hai Deewani,2013,https://boxd.it/5Cmo
2026-03-23,Dhoom 3,2013,https://boxd.it/QDS
2026-03-23,The Breakfast Club,1985,https://boxd.it/27q4
2026-03-23,Jojo Rabbit,2019,https://boxd.it/iEBG
2026-03-24,Gangs of New York,2002,https://boxd.it/25FG
2026-03-25,Hell's Paradise,2023,https://boxd.it/MkUS
2026-03-25,JUJUTSU KAISEN,2020,https://boxd.it/sOve
2026-03-26,Princess Mononoke,1997,https://boxd.it/2b4w
2026-03-27,Train Dreams,2025,https://boxd.it/LdDo
2026-03-28,Begin Again,2013,https://boxd.it/5Ybs
2026-03-29,Pulse,2001,https://boxd.it/1s3y
2026-03-29,The Great Dictator,1940,https://boxd.it/29ic
